month,usage_kwh,bill_amount
2023-01-01,300.0,47.97
2023-02-01,339.5,55.22
2023-03-01,358.4,56.71
2023-04-01,359.2,57.36
2023-05-01,353.0,56.59
2023-06-01,568.5,91.06
2023-07-01,294.4,46.03
2023-08-01,274.9,83.7
2023-09-01,229.7,37.69
2023-10-01,223.2,34.67
2023-11-01,251.1,40.83
2023-12-01,279.7,44.85
2024-01-01,313.8,49.6
2024-02-01,334.9,55.59
2024-03-01,366.2,59.43
2024-04-01,376.6,58.9
2024-05-01,334.5,53.59
2024-06-01,313.1,50.64
2024-07-01,258.6,41.22
2024-08-01,233.9,37.91
2024-09-01,19.7,3.14
2024-10-01,230.6,37.36
2024-11-01,238.7,39.23
2024-12-01,540.8,85.42
2025-01-01,326.5,52.44
2025-02-01,352.5,55.91
2025-03-01,339.2,54.4
2025-04-01,357.9,55.99
2025-05-01,340.6,53.9
2025-06-01,307.6,49.04
2025-07-01,251.3,40.88
2025-08-01,235.8,38.55
2025-09-01,218.3,34.07
2025-10-01,228.7,36.04
2025-11-01,276.8,44.83
2025-12-01,290.3,44.71
