month,usage_kwh,bill_amount,anomaly_score,is_anomaly
2024-01-01,304.6,48.73,1,False
2024-02-01,326.0,52.15,1,False
2024-03-01,382.3,61.17,1,False
2024-04-01,393.9,63.03,1,False
2024-05-01,336.1,53.77,1,False
2024-06-01,312.3,49.97,1,False
2024-07-01,291.0,46.56,1,False
2024-08-01,464.8,74.36,-1,True
2024-09-01,224.4,35.9,1,False
2024-10-01,208.9,33.42,1,False
2024-11-01,254.7,40.76,1,False
2024-12-01,290.1,46.41,1,False
2025-01-01,322.6,51.61,1,False
2025-02-01,375.4,60.06,1,False
2025-03-01,385.3,61.65,1,False
2025-04-01,182.5,29.2,-1,True
2025-05-01,356.0,56.96,1,False
2025-06-01,296.5,47.44,1,False
2025-07-01,281.3,45.01,1,False
2025-08-01,233.9,37.42,1,False
2025-09-01,517.4,82.79,-1,True
2025-10-01,218.8,35.0,1,False
2025-11-01,276.8,44.28,1,False
2025-12-01,297.7,47.63,1,False
